{"coef": {"ac": [0.00847532864248437, -0.004882943876739638, -0.022591182240926943, -0.05781890553590843, 0.033893652245932215, 0.05216293102274078, -0.022591182240929552, -0.05781890553563141, 0.0338936506363842, -0.0019686700535230723, 0.001968670053488246, 0.00809194085810395, -0.0004178886854730645, -0.00906989355450824, 0.0, 0.0, 0.0, 0.0, 0.0, 0.0, 0.0, 0.0, 0.0, 0.0, 0.0, 0.0, 0.0], "lighting": [-0.0005272801407088186, 0.00036005517066202614, -0.000585439301914483, 0.01565721919275478, -0.10999053180229758, -0.034991943317755736, -0.0005854393019126487, 0.01565721919270643, -0.10999052657892745, -0.004644210673730118, 0.0046442106737409035, 0.0018873484315337144, -0.0006330279149556091, -0.0014524148177846887, 0.0, 0.0, 0.0, 0.0, 0.0, 0.0, 0.0, 0.0, 0.0, 0.0, 0.0, 0.0, 0.0], "appliances": [-0.006034822977309335, 0.0051802561018279986, 0.024158400149750577, 0.016464416705424832, 0.03497183336948983, -0.03161809439976529, 0.024158400149752176, 0.016464416705383653, 0.034971831708937834, 0.005993992555911975, -0.005993992555901857, -0.012482289910291084, 0.001672443834674555, 0.012718379219252595, 0.0, 0.0, 0.0, 0.0, 0.0, 0.0, 0.0, 0.0, 0.0, 0.0, 0.0, 0.0, 0.0], "other": [-0.0019132255244661454, -0.0006573673957504267, -0.0009817786069127102, 0.025697269637643565, 0.041125046186932364, 0.014447106694780202, -0.0009817786069064242, 0.025697269637626592, 0.041125044233548576, 0.000618888171337895, -0.0006188881713306252, 0.002503000620629901, -0.0006215272342704604, -0.0021960708469795282, 0.0, 0.0, 0.0, 0.0, 0.0, 0.0, 0.0, 0.0, 0.0, 0.0, 0.0, 0.0, 0.0]}, "intercept": {"ac": 0.681982070358859, "lighting": -0.6586244735263784, "appliances": 0.40063973966085337, "other": -0.42399733649333393}, "feature_mean": [216.81491666666668, 0.37481166666666743, 3.893, 23.038083333333333, 46.5005, 578.7054388248862, 3.893, 23.038083333333333, 0.4650050000000016, 0.6465833333333333, 0.35341666666666666, 0.3473333333333333, 0.45016666666666666, 0.2025, 0.0, 0.0, 0.0, 0.0, 0.0, 0.0, 0.0, 0.0, 0.0, 0.0, 0.0, 0.0, 0.0], "feature_std": [80.91945478341279, 0.07280727518616611, 1.6148429332179932, 1.4499309254998425, 20.847094126047292, 182.0224581100554, 1.6148429332179932, 1.4499309254998425, 0.20847095116047148, 0.4780306851547486, 0.4780306851547486, 0.4761227766147305, 0.4975104509848291, 0.40186285973857927, 1e-08, 1e-08, 1e-08, 1e-08, 1e-08, 1e-08, 1e-08, 1e-08, 1e-08, 1e-08, 1e-08, 1e-08, 1e-08], "class_order": ["ac", "lighting", "appliances", "other"]}